Plant file sequence number,Plant name,DOE/EIA ORIS plant or facility code,Plant transmission or distribution system owner name,Plant transmission or distribution system owner ID,Utility name,Utility ID,Plant-level sector,Plant FIPS state code,Plant FIPS county code,Plant county name,Plant latitude,Plant longitude,CAMD Program flag,Number of units,Number of generators,Plant primary fuel,Plant primary fuel category,Flag indicating if the plant burned or generated any amount of coal,Plant capacity factor,Plant nameplate capacity (MW),Nonbaseload Factor,Biogas/ biomass plant adjustment flag,Combined heat and power (CHP) plant adjustment flag,CHP plant useful thermal output (MMBtu),CHP plant power to heat ratio,CHP plant electric allocation factor,Plant pumped storage flag,Plant total annual heat input (MMBtu),Plant annual net generation (MWh),Plant annual CO2 equivalent emissions (tons),Plant annual CO2 equivalent total output emission rate (lb/MWh),Plant annual CO2 equivalent input emission rate (lb/MMBtu),Plant annual CO2 equivalent combustion output emission rate (lb/MWh),Plant nominal heat rate (Btu/kWh),Plant annual coal net generation (MWh),Plant annual oil net generation (MWh),Plant annual gas net generation (MWh),Plant annual nuclear net generation (MWh),Plant annual hydro net generation (MWh),Plant annual biomass net generation (MWh),Plant annual wind net generation (MWh),Plant annual solar net generation (MWh),Plant annual geothermal net generation (MWh),Plant annual other fossil net generation (MWh),Plant annual other unknown/ purchased fuel net generation (MWh),Plant annual total nonrenewables net generation (MWh),Plant annual total renewables net generation (MWh),Plant annual total nonhydro renewables net generation (MWh),Plant annual total combustion net generation (MWh),Plant annual total noncombustion net generation (MWh),Plant coal generation percent (resource mix),Plant oil generation percent (resource mix),Plant gas generation percent (resource mix),Plant nuclear generation percent (resource mix),Plant hydro generation percent (resource mix),Plant biomass generation percent (resource mix),Plant wind generation percent (resource mix),Plant solar generation percent (resource mix),Plant geothermal generation percent (resource mix),Plant other fossil generation percent (resource mix),Plant other unknown / purchased fuel generation percent (resource mix),Plant total nonrenewables generation percent (resource mix),Plant total renewables generation percent (resource mix),Plant total nonhydro renewables generation percent (resource mix),Plant total combustion generation percent (resource mix),Plant total noncombustion generation percent (resource mix),
SEQPLT,PNAME,ORISPL,OPRNAME,OPRCODE,UTLSRVNM,UTLSRVID,SECTOR,FIPSST,FIPSCNTY,CNTYNAME,LAT,LON,CAMDFLAG,NUMUNT,NUMGEN,PLPRMFL,PLFUELCT,COALFLAG,CAPFAC,NAMEPCAP,NBFACTOR,RMBMFLAG,CHPFLAG,USETHRMO,PWRTOHT,ELCALLOC,PSFLAG,PLHTIANT,PLNGENAN,PLCO2EQA,PLC2ERTA,PLC2ERA,PLC2ECRT,PLHTRT,PLGENACL,PLGENAOL,PLGENAGS,PLGENANC,PLGENAHY,PLGENABM,PLGENAWI,PLGENASO,PLGENAGT,PLGENAOF,PLGENAOP,PLGENATN,PLGENATR,PLGENATH,PLGENACY,PLGENACN,PLCLPR,PLOLPR,PLGSPR,PLNCPR,PLHYPR,PLBMPR,PLWIPR,PLSOPR,PLGTPR,PLOFPR,PLOPPR,PLTNPR,PLTRPR,PLTHPR,PLCYPR,PLCNPR,
2056,Adams Community Solar Garden III LLC,59850,Public Service Co of Colorado,15466,Adams Community Solar Garden III LLC,59652,IPP Non-CHP,08,001,Adams,39.7867,-104.5877,,1,1,SUN,SOLAR,,0.1246,1.2,,,,,,,,"11,585","1,310",,,,,,0,0,0,0,0,0,0,"1,310",0,0,0,0,"1,310","1,310",0,"1,310",0.0%,0.0%,0.0%,0.0%,0.0%,0.0%,0.0%,100.0%,0.0%,0.0%,0.0%,0.0%,100.0%,100.0%,0.0%,100.0%,
2057,Adams Community Solar Garden LLC,59849,Public Service Co of Colorado,15466,Adams Community Solar Garden LLC,59651,IPP Non-CHP,08,001,Adams,39.7876,-104.5859,,1,1,SUN,SOLAR,,0.1898,1.2,,,,,,,,"17,642","1,995",,,,,,0,0,0,0,0,0,0,"1,995",0,0,0,0,"1,995","1,995",0,"1,995",0.0%,0.0%,0.0%,0.0%,0.0%,0.0%,0.0%,100.0%,0.0%,0.0%,0.0%,0.0%,100.0%,100.0%,0.0%,100.0%,
2063,Alden Solar CSG LLC,64021,Public Service Co of Colorado,15466,Greenbacker Renewable Energy Corporation,60025,IPP Non-CHP,08,123,Weld,40.45633,-104.58107,,1,1,SUN,SOLAR,,0.2494,1.6,,,,,,,,"30,916","3,496",,,,,,0,0,0,0,0,0,0,"3,496",0,0,0,0,"3,496","3,496",0,"3,496",0.0%,0.0%,0.0%,0.0%,0.0%,0.0%,0.0%,100.0%,0.0%,0.0%,0.0%,0.0%,100.0%,100.0%,0.0%,100.0%,
2064,Amazon DEN2 Solar Project,63536,Public Service Co of Colorado,15466,Solar Star Prime 1 LLC,63259,IPP Non-CHP,08,001,Adams,39.75,-104.75,,1,1,SUN,SOLAR,,0.0204,1.2,,,,,,,,"1,892",214,,,,,,0,0,0,0,0,0,0,214,0,0,0,0,214,214,0,214,0.0%,0.0%,0.0%,0.0%,0.0%,0.0%,0.0%,100.0%,0.0%,0.0%,0.0%,0.0%,100.0%,100.0%,0.0%,100.0%,
2065,Amazon Denver DEN3,62877,Public Service Co of Colorado,15466,Westbound Solar LLC,62715,Commercial Non-CHP,08,001,Adams,39.885061,-104.982339,,1,1,SUN,SOLAR,,0.0156,4.6,,,,,,,,"5,554",628,,,,,,0,0,0,0,0,0,0,628,0,0,0,0,628,628,0,628,0.0%,0.0%,0.0%,0.0%,0.0%,0.0%,0.0%,100.0%,0.0%,0.0%,0.0%,0.0%,100.0%,100.0%,0.0%,100.0%,
2069,Arapahoe Combustion Turbine Facility,55200,Public Service Co of Colorado,15466,"SWG Arapahoe, LLC",58517,IPP Non-CHP,08,031,Denver,39.6692,-105.0018,Yes,2,3,NG,GAS,,0.1194,194.0,1.0000,,,,,,,"1,842,516","202,945","109,605","1,080.150",118.974,"1,080.150","9,078.894",0,0,"202,945",0,0,0,0,0,0,0,0,"202,945",0,0,"202,945",0,0.0%,0.0%,100.0%,0.0%,0.0%,0.0%,0.0%,0.0%,0.0%,0.0%,0.0%,100.0%,0.0%,0.0%,100.0%,0.0%,
2074,Bison Solar LLC,60351,Platte River Power Authority,15143,Bison Solar LLC,60143,IPP Non-CHP,08,069,Larimer,40.863809,-105.0111,,1,1,SUN,SOLAR,,0.2365,30.0,,,,,,,,"549,610","62,152",,,,,,0,0,0,0,0,0,0,"62,152",0,0,0,0,"62,152","62,152",0,"62,152",0.0%,0.0%,0.0%,0.0%,0.0%,0.0%,0.0%,100.0%,0.0%,0.0%,0.0%,0.0%,100.0%,100.0%,0.0%,100.0%,
2076,Blue Spruce Energy Center,55645,Public Service Co of Colorado,15466,Public Service Co of Colorado,15466,Electric Utility,08,001,Adams,39.747875,-104.681404,Yes,2,2,NG,GAS,,0.0606,397.8,1.0000,,,,,,,"2,736,146","211,110","164,138","1,554.998",119.977,"1,554.998","12,960.760",0,"5,857","205,253",0,0,0,0,0,0,0,0,"211,110",0,0,"211,110",0,0.0%,2.8%,97.2%,0.0%,0.0%,0.0%,0.0%,0.0%,0.0%,0.0%,0.0%,100.0%,0.0%,0.0%,100.0%,0.0%,
2077,Boulder Canyon Hydro,466,Public Service Co of Colorado,15466,Boulder City of,1994,IPP Non-CHP,08,013,Boulder,40.004725,-105.332495,,1,1,WAT,HYDRO,,0.2107,5.0,,,,,,,,"81,612","9,229",,,,,,0,0,0,0,"9,229",0,0,0,0,0,0,0,"9,229",0,0,"9,229",0.0%,0.0%,0.0%,0.0%,100.0%,0.0%,0.0%,0.0%,0.0%,0.0%,0.0%,0.0%,100.0%,0.0%,0.0%,100.0%,
2078,Boulder City Betasso Hydro Plant,54680,Public Service Co of Colorado,15466,Boulder City of,1994,IPP Non-CHP,08,013,Boulder,40.0111,-105.3347,,1,1,WAT,HYDRO,,0.2476,3.0,,,,,,,,"57,541","6,507",,,,,,0,0,0,0,"6,507",0,0,0,0,0,0,0,"6,507",0,0,"6,507",0.0%,0.0%,0.0%,0.0%,100.0%,0.0%,0.0%,0.0%,0.0%,0.0%,0.0%,0.0%,100.0%,0.0%,0.0%,100.0%,
2079,Boulder City Lakewood Hydro,54679,Public Service Co of Colorado,15466,Boulder City of,1994,IPP Non-CHP,08,013,Boulder,40.0111,-105.3347,,1,1,WAT,HYDRO,,0.2122,3.5,,,,,,,,"57,541","6,507",,,,,,0,0,0,0,"6,507",0,0,0,0,0,0,0,"6,507",0,0,"6,507",0.0%,0.0%,0.0%,0.0%,100.0%,0.0%,0.0%,0.0%,0.0%,0.0%,0.0%,0.0%,100.0%,0.0%,0.0%,100.0%,
2080,Boulder City Silver Lake Hydro,55931,Public Service Co of Colorado,15466,Boulder City of,1994,IPP Non-CHP,08,013,Boulder,39.991311,-105.50003,,1,1,WAT,HYDRO,,0.2955,3.3,,,,,,,,"75,536","8,542",,,,,,0,0,0,0,"8,542",0,0,0,0,0,0,0,"8,542",0,0,"8,542",0.0%,0.0%,0.0%,0.0%,100.0%,0.0%,0.0%,0.0%,0.0%,0.0%,0.0%,0.0%,100.0%,0.0%,0.0%,100.0%,
2092,Cedar Creek II,57210,Public Service Co of Colorado,15466,AE Power Services LLC,55963,IPP Non-CHP,08,123,Weld,40.9475,-103.783889,,1,1,WND,WIND,,0.2192,248.3,,,,,,,,"4,215,812","476,740",,,,,,0,0,0,0,0,0,"476,740",0,0,0,0,0,"476,740","476,740",0,"476,740",0.0%,0.0%,0.0%,0.0%,0.0%,0.0%,100.0%,0.0%,0.0%,0.0%,0.0%,0.0%,100.0%,100.0%,0.0%,100.0%,
2093,Cedar Creek Wind,56371,Public Service Co of Colorado,15466,"Leeward Asset Management, LLC",50123,IPP Non-CHP,08,123,Weld,40.8944,-104.0206,,2,2,WND,WIND,,0.1962,300.5,,,,,,,,"4,566,339","516,379",,,,,,0,0,0,0,0,0,"516,379",0,0,0,0,0,"516,379","516,379",0,"516,379",0.0%,0.0%,0.0%,0.0%,0.0%,0.0%,100.0%,0.0%,0.0%,0.0%,0.0%,0.0%,100.0%,100.0%,0.0%,100.0%,
2096,Cherokee,469,Public Service Co of Colorado,15466,Public Service Co of Colorado,15466,Electric Utility,08,001,Adams,39.807275,-104.964548,Yes,3,4,NG,GAS,,0.3410,"1,006.4",0.7651,,,,,,,"25,532,407","3,005,952","1,518,905","1,010.598",118.979,"1,010.598","8,493.950",0,0,"3,005,952",0,0,0,0,0,0,0,0,"3,005,952",0,0,"3,005,952",0,0.0%,0.0%,100.0%,0.0%,0.0%,0.0%,0.0%,0.0%,0.0%,0.0%,0.0%,100.0%,0.0%,0.0%,100.0%,0.0%,
2098,City & County of Denver at Denver Int'l,57645,Public Service Co of Colorado,15466,"Denver Airport Solar, LLC",56974,IPP Non-CHP,08,031,Denver,39.904133,-104.654183,,1,1,SUN,SOLAR,,0.1766,3.4,,,,,,,,"46,512","5,260",,,,,,0,0,0,0,0,0,0,"5,260",0,0,0,0,"5,260","5,260",0,"5,260",0.0%,0.0%,0.0%,0.0%,0.0%,0.0%,0.0%,100.0%,0.0%,0.0%,0.0%,0.0%,100.0%,100.0%,0.0%,100.0%,
2099,City of Boulder WWTP,57681,Public Service Co of Colorado,15466,"SunE NLB-2, LLC",57005,IPP Non-CHP,08,013,Boulder,40.048025,-105.180327,,1,1,SUN,SOLAR,,0.1476,1.0,,,,,,,,"11,434","1,293",,,,,,0,0,0,0,0,0,0,"1,293",0,0,0,0,"1,293","1,293",0,"1,293",0.0%,0.0%,0.0%,0.0%,0.0%,0.0%,0.0%,100.0%,0.0%,0.0%,0.0%,0.0%,100.0%,100.0%,0.0%,100.0%,
2101,CO LI CSG 1 - Kamerra,63278,PECO Energy Co,14940,Standard Solar,60531,IPP Non-CHP,08,001,Adams,39.784879,-104.583391,,1,1,SUN,SOLAR,,0.2823,1.5,,,,,,,,"32,806","3,710",,,,,,0,0,0,0,0,0,0,"3,710",0,0,0,0,"3,710","3,710",0,"3,710",0.0%,0.0%,0.0%,0.0%,0.0%,0.0%,0.0%,100.0%,0.0%,0.0%,0.0%,0.0%,100.0%,100.0%,0.0%,100.0%,
2103,Colorado Energy Nations Company,10003,Public Service Co of Colorado,15466,Molson Coors USA LLC,63637,Industrial CHP,08,059,Jefferson,39.7606,-105.215,,4,3,NG,GAS,,0.4927,35.0,0.5121,,Yes,"2,695,114",0,0.2032,,"863,537","151,072","50,521",668.834,117.010,668.834,"5,716.044",0,0,"151,072",0,0,0,0,0,0,0,0,"151,072",0,0,"151,072",0,0.0%,0.0%,100.0%,0.0%,0.0%,0.0%,0.0%,0.0%,0.0%,0.0%,0.0%,100.0%,0.0%,0.0%,100.0%,0.0%,
2115,Denver Int Airport,56815,Public Service Co of Colorado,15466,MMA DAS Power,56026,IPP Non-CHP,08,031,Denver,39.836789,-104.697149,,1,1,SUN,SOLAR,,0.0879,1.9,,,,,,,,"12,938","1,463",,,,,,0,0,0,0,0,0,0,"1,463",0,0,0,0,"1,463","1,463",0,"1,463",0.0%,0.0%,0.0%,0.0%,0.0%,0.0%,0.0%,100.0%,0.0%,0.0%,0.0%,0.0%,100.0%,100.0%,0.0%,100.0%,
2117,Denver Metro Solar,61563,Public Service Co of Colorado,15466,Denver Metro Solar LLC,61163,IPP Non-CHP,08,001,Adams,39.759298,-104.621139,,1,1,SUN,SOLAR,,,1.6,,,,,,,,,,,,,,,,,,,,,,,,,,,,,,,,,,,,,,,,,,,,,,,
2126,Fort Lupton,8067,Public Service Co of Colorado,15466,Public Service Co of Colorado,15466,Electric Utility,08,123,Weld,40.0922,-104.796,,2,2,NG,GAS,,0.0053,100.8,1.0000,,,,,,,"78,451","4,718","4,593","1,947.140",117.100,"1,947.140","16,628.020",0,968,"3,750",0,0,0,0,0,0,0,0,"4,718",0,0,"4,718",0,0.0%,20.5%,79.5%,0.0%,0.0%,0.0%,0.0%,0.0%,0.0%,0.0%,0.0%,100.0%,0.0%,0.0%,100.0%,0.0%,
2127,Fort St. Vrain,6112,Public Service Co of Colorado,15466,Public Service Co of Colorado,15466,Electric Utility,08,123,Weld,40.2461,-104.8742,Yes,5,6,NG,GAS,,0.3072,"1,148.5",0.8213,,,,,,,"25,126,866","3,090,654","1,494,757",967.276,118.977,967.276,"8,129.951",0,0,"3,090,654",0,0,0,0,0,0,0,0,"3,090,654",0,0,"3,090,654",0,0.0%,0.0%,100.0%,0.0%,0.0%,0.0%,0.0%,0.0%,0.0%,0.0%,0.0%,100.0%,0.0%,0.0%,100.0%,0.0%,
2129,Frank Knutson Station,55505,Public Service Co of Colorado,15466,"Tri-State G & T Assn, Inc",30151,Electric Utility,08,001,Adams,39.941129,-104.682015,Yes,2,2,NG,GAS,,0.0933,154.2,1.0000,,,,,,,"1,564,333","126,046","94,631","1,501.524",120.985,"1,501.524","12,410.814",0,"5,547","120,499",0,0,0,0,0,0,0,0,"126,046",0,0,"126,046",0,0.0%,4.4%,95.6%,0.0%,0.0%,0.0%,0.0%,0.0%,0.0%,0.0%,0.0%,100.0%,0.0%,0.0%,100.0%,0.0%,
2137,Gilcrest Sun CSG,65609,Public Service Co of Colorado,15466,Gilcrest Sun,64899,IPP Non-CHP,08,123,Weld,40.293752,-104.806202,,1,1,SUN,SOLAR,,0.0000,1.8,,,,,,,,,0,,,,,,0,0,0,0,0,0,0,0,0,0,0,0,0,0,0,0,,,,,,,,,,,,,,,,,
2138,Gilcrest V CSG,64386,Public Service Co of Colorado,15466,Gilcrest V LLC,63998,IPP Non-CHP,08,123,Weld,40.317966,-104.770747,,1,1,SUN,SOLAR,,0.2251,4.8,,,,,,,,"83,708","9,466",,,,,,0,0,0,0,0,0,0,"9,466",0,0,0,0,"9,466","9,466",0,"9,466",0.0%,0.0%,0.0%,0.0%,0.0%,0.0%,0.0%,100.0%,0.0%,0.0%,0.0%,0.0%,100.0%,100.0%,0.0%,100.0%,
2145,Gross Hydro Plant,10424,Public Service Co of Colorado,15466,Denver City & County of,5068,IPP Non-CHP,08,059,Jefferson,39.9456,-105.3565,,1,1,WAT,HYDRO,,0.1713,7.8,,,,,,,,"103,524","11,707",,,,,,0,0,0,0,"11,707",0,0,0,0,0,0,0,"11,707",0,0,"11,707",0.0%,0.0%,0.0%,0.0%,100.0%,0.0%,0.0%,0.0%,0.0%,0.0%,0.0%,0.0%,100.0%,0.0%,0.0%,100.0%,
2147,Hillcrest Pump Station,54142,Public Service Co of Colorado,15466,Denver City & County of,5068,IPP Non-CHP,08,031,Denver,39.6419,-104.9138,,1,1,WAT,HYDRO,,0.3582,2.0,,,,,,,,"55,499","6,276",,,,,,0,0,0,0,"6,276",0,0,0,0,0,0,0,"6,276",0,0,"6,276",0.0%,0.0%,0.0%,0.0%,100.0%,0.0%,0.0%,0.0%,0.0%,0.0%,0.0%,0.0%,100.0%,0.0%,0.0%,100.0%,
2152,IBM Solar,63869,Public Service Co of Colorado,15466,"DG Colorado Solar, LLC",60293,IPP Non-CHP,08,013,Boulder,40.038266,-105.244892,,1,1,SUN,SOLAR,,0.2165,8.1,,,,,,,,"135,872","15,365",,,,,,0,0,0,0,0,0,0,"15,365",0,0,0,0,"15,365","15,365",0,"15,365",0.0%,0.0%,0.0%,0.0%,0.0%,0.0%,0.0%,100.0%,0.0%,0.0%,0.0%,0.0%,100.0%,100.0%,0.0%,100.0%,
2153,Imboden Solar Garden,61753,Public Service Co of Colorado,15466,"AEP Onsite Partners, LLC",60571,IPP Non-CHP,08,001,Adams,39.786769,-104.583574,,2,2,SUN,SOLAR,,0.2418,3.0,,,,,,,,"56,188","6,354",,,,,,0,0,0,0,0,0,0,"6,354",0,0,0,0,"6,354","6,354",0,"6,354",0.0%,0.0%,0.0%,0.0%,0.0%,0.0%,0.0%,100.0%,0.0%,0.0%,0.0%,0.0%,100.0%,100.0%,0.0%,100.0%,
2154,J M Shafer,50707,Public Service Co of Colorado,15466,"Tri-State G & T Assn, Inc",30151,Electric Utility,08,123,Weld,40.0986,-104.7736,Yes,5,7,NG,GAS,,0.2278,396.9,0.9537,,Yes,0,,1.0000,,"6,434,317","791,930","382,816",966.792,118.992,966.792,"8,124.856",0,0,"791,930",0,0,0,0,0,0,0,0,"791,930",0,0,"791,930",0,0.0%,0.0%,100.0%,0.0%,0.0%,0.0%,0.0%,0.0%,0.0%,0.0%,0.0%,100.0%,0.0%,0.0%,100.0%,0.0%,
2155,Jack's Solar Garden,64200,Public Service Co of Colorado,15466,Jack's Solar Garden,63818,IPP Non-CHP,08,013,Boulder,40.122552,-105.130321,,1,1,SUN,SOLAR,,0.2235,1.0,,,,,,,,"17,315","1,958",,,,,,0,0,0,0,0,0,0,"1,958",0,0,0,0,"1,958","1,958",0,"1,958",0.0%,0.0%,0.0%,0.0%,0.0%,0.0%,0.0%,100.0%,0.0%,0.0%,0.0%,0.0%,100.0%,100.0%,0.0%,100.0%,
2157,Jeffco Community Solar Gardens LLC,60320,Public Service Co of Colorado,15466,SunShare Management,60970,IPP Non-CHP,08,059,Jefferson,39.859564,-105.149694,,1,1,SUN,SOLAR,,0.1991,1.2,,,,,,,,"18,507","2,093",,,,,,0,0,0,0,0,0,0,"2,093",0,0,0,0,"2,093","2,093",0,"2,093",0.0%,0.0%,0.0%,0.0%,0.0%,0.0%,0.0%,100.0%,0.0%,0.0%,0.0%,0.0%,100.0%,100.0%,0.0%,100.0%,
2160,Lafayette Horizon Solar CSG LLC,62667,Public Service Co of Colorado,15466,AES Distributed Energy,61012,IPP Non-CHP,08,013,Boulder,39.981606,-105.063747,,1,1,SUN,SOLAR,,0.2534,1.6,,,,,,,,"31,400","3,551",,,,,,0,0,0,0,0,0,0,"3,551",0,0,0,0,"3,551","3,551",0,"3,551",0.0%,0.0%,0.0%,0.0%,0.0%,0.0%,0.0%,100.0%,0.0%,0.0%,0.0%,0.0%,100.0%,100.0%,0.0%,100.0%,
2178,Metro Wastewater Reclamation District,10180,Public Service Co of Colorado,15466,"Colorado Energy Nations Company, LLC",19068,IPP CHP,08,031,Denver,39.8078,-104.9542,,6,6,OBG,BIOMASS,,0.2788,15.0,0.8687,Yes,Yes,"232,565",1,0.4175,,"250,632","36,629",289,15.754,2.302,15.754,"6,842.439",0,0,646,0,0,"35,983",0,0,0,0,0,646,"35,983","35,983","36,629",0,0.0%,0.0%,1.8%,0.0%,0.0%,98.2%,0.0%,0.0%,0.0%,0.0%,0.0%,1.8%,98.2%,98.2%,100.0%,0.0%,
2182,"Mountain Breeze Wind, LLC",62840,Public Service Co of Colorado,15466,"Leeward Asset Management, LLC",50123,IPP Non-CHP,08,123,Weld,40.960618,-104.003174,,1,1,WND,WIND,,0.3906,171.7,,,,,,,,"5,195,510","587,528",,,,,,0,0,0,0,0,0,"587,528",0,0,0,0,0,"587,528","587,528",0,"587,528",0.0%,0.0%,0.0%,0.0%,0.0%,0.0%,100.0%,0.0%,0.0%,0.0%,0.0%,0.0%,100.0%,100.0%,0.0%,100.0%,
2183,Mtn. Solar 1,63276,Public Service Co of Colorado,15466,Standard Solar,60531,IPP Non-CHP,08,001,Adams,39.777621,-104.58591,,1,1,SUN,SOLAR,,0.2632,1.5,,,,,,,,"30,579","3,458",,,,,,0,0,0,0,0,0,0,"3,458",0,0,0,0,"3,458","3,458",0,"3,458",0.0%,0.0%,0.0%,0.0%,0.0%,0.0%,0.0%,100.0%,0.0%,0.0%,0.0%,0.0%,100.0%,100.0%,0.0%,100.0%,
2184,Mtn. Solar 2,63277,Public Service Co of Colorado,15466,Standard Solar,60531,IPP Non-CHP,08,001,Adams,39.766772,-104.59054,,1,1,SUN,SOLAR,,0.2691,1.5,,,,,,,,"31,269","3,536",,,,,,0,0,0,0,0,0,0,"3,536",0,0,0,0,"3,536","3,536",0,"3,536",0.0%,0.0%,0.0%,0.0%,0.0%,0.0%,0.0%,100.0%,0.0%,0.0%,0.0%,0.0%,100.0%,100.0%,0.0%,100.0%,
2186,Mtn. Solar 4 (CSG),65178,Public Service Co of Colorado,15466,Standard Solar,60531,IPP Non-CHP,08,059,Jefferson,39.727586,-105.113057,,1,1,SUN,SOLAR,,0.0121,1.5,,,,,,,,"1,406",159,,,,,,0,0,0,0,0,0,0,159,0,0,0,0,159,159,0,159,0.0%,0.0%,0.0%,0.0%,0.0%,0.0%,0.0%,100.0%,0.0%,0.0%,0.0%,0.0%,100.0%,100.0%,0.0%,100.0%,
2193,Oak Leaf Solar XXII LLC (CSG),62252,Public Service Co of Colorado,15466,Greenbacker Renewable Energy Corporation,60025,IPP Non-CHP,08,031,Denver,39.904373,-104.6848,,1,1,SUN,SOLAR,,0.2715,1.5,,,,,,,,"31,553","3,568",,,,,,0,0,0,0,0,0,0,"3,568",0,0,0,0,"3,568","3,568",0,"3,568",0.0%,0.0%,0.0%,0.0%,0.0%,0.0%,0.0%,100.0%,0.0%,0.0%,0.0%,0.0%,100.0%,100.0%,0.0%,100.0%,
2194,Oak Leaf Solar XXIII LLC (CSG),62256,Public Service Co of Colorado,15466,Greenbacker Renewable Energy Corporation,60025,IPP Non-CHP,08,001,Adams,39.80165,-104.62146,,1,1,SUN,SOLAR,,0.2843,1.5,,,,,,,,"33,036","3,736",,,,,,0,0,0,0,0,0,0,"3,736",0,0,0,0,"3,736","3,736",0,"3,736",0.0%,0.0%,0.0%,0.0%,0.0%,0.0%,0.0%,100.0%,0.0%,0.0%,0.0%,0.0%,100.0%,100.0%,0.0%,100.0%,
2197,Oak Leaf Solar XXVI LLC,62254,Public Service Co of Colorado,15466,Greenbacker Renewable Energy Corporation,60025,IPP Non-CHP,08,031,Denver,39.899,-104.659,,1,1,SUN,SOLAR,,0.2750,1.5,,,,,,,,"31,958","3,614",,,,,,0,0,0,0,0,0,0,"3,614",0,0,0,0,"3,614","3,614",0,"3,614",0.0%,0.0%,0.0%,0.0%,0.0%,0.0%,0.0%,100.0%,0.0%,0.0%,0.0%,0.0%,100.0%,100.0%,0.0%,100.0%,
2198,Oak Leaf Solar XXVII LLC,62224,Public Service Co of Colorado,15466,Greenbacker Renewable Energy Corporation,60025,IPP Non-CHP,08,123,Weld,40.44,-104.64,,1,1,SUN,SOLAR,,0.2676,1.5,,,,,,,,"31,092","3,516",,,,,,0,0,0,0,0,0,0,"3,516",0,0,0,0,"3,516","3,516",0,"3,516",0.0%,0.0%,0.0%,0.0%,0.0%,0.0%,0.0%,100.0%,0.0%,0.0%,0.0%,0.0%,100.0%,100.0%,0.0%,100.0%,
2199,Oak Leaf Solar XXVIII LLC (CSG),62255,Public Service Co of Colorado,15466,Greenbacker Renewable Energy Corporation,60025,IPP Non-CHP,08,123,Weld,40.237,-104.779,,1,1,SUN,SOLAR,,0.2670,1.5,,,,,,,,"31,020","3,508",,,,,,0,0,0,0,0,0,0,"3,508",0,0,0,0,"3,508","3,508",0,"3,508",0.0%,0.0%,0.0%,0.0%,0.0%,0.0%,0.0%,100.0%,0.0%,0.0%,0.0%,0.0%,100.0%,100.0%,0.0%,100.0%,
2206,Panasonic Carport Solar Hybrid,61439,Public Service Co of Colorado,15466,Public Service Co of Colorado,15466,Electric Utility,08,001,Adams,39.808719,-104.781494,,2,2,,,,,2.3,,,,,,,,,,,,,,,,,,,,,,,,,,,,,,,,,,,,,,,,,,,,,,,
2211,"Pioneer Solar (CO), LLC",61991,Intermountain Rural Elec Assn,9336,"Pioneer Solar (CO), LLC",63810,IPP Non-CHP,08,001,Adams,39.761569,-104.45903,,1,1,SUN,SOLAR,,0.2097,80.0,,,,,,,,"1,299,726","146,978",,,,,,0,0,0,0,0,0,0,"146,978",0,0,0,0,"146,978","146,978",0,"146,978",0.0%,0.0%,0.0%,0.0%,0.0%,0.0%,0.0%,100.0%,0.0%,0.0%,0.0%,0.0%,100.0%,100.0%,0.0%,100.0%,
2213,Plains End,55650,Public Service Co of Colorado,15466,Plains End Operating Services LLC,15142,IPP Non-CHP,08,059,Jefferson,39.857499,-105.225967,,20,20,NG,GAS,,0.0090,114.0,1.0000,,,,,,,"90,775","8,943","5,311","1,187.696",117.010,"1,187.696","10,150.397",0,0,"8,943",0,0,0,0,0,0,0,0,"8,943",0,0,"8,943",0,0.0%,0.0%,100.0%,0.0%,0.0%,0.0%,0.0%,0.0%,0.0%,0.0%,0.0%,100.0%,0.0%,0.0%,100.0%,0.0%,
2214,Plains End II LLC,56516,Public Service Co of Colorado,15466,Plains End Operating Services LLC,15142,IPP Non-CHP,08,059,Jefferson,39.8586,-105.2256,,14,14,NG,GAS,,0.0125,117.6,1.0000,,,,,,,"120,041","12,836","7,023","1,094.264",117.010,"1,094.264","9,351.901",0,0,"12,836",0,0,0,0,0,0,0,0,"12,836",0,0,"12,836",0,0.0%,0.0%,100.0%,0.0%,0.0%,0.0%,0.0%,0.0%,0.0%,0.0%,0.0%,100.0%,0.0%,0.0%,100.0%,0.0%,
2215,"Platteville Solar CSG, LLC",63753,Northern States Power Co - Minnesota,13781,Greenbacker Renewable Energy Corporation,60025,IPP Non-CHP,08,123,Weld,40.22833,-104.77471,,1,1,SUN,SOLAR,,0.2576,1.3,,,,,,,,"25,937","2,933",,,,,,0,0,0,0,0,0,0,"2,933",0,0,0,0,"2,933","2,933",0,"2,933",0.0%,0.0%,0.0%,0.0%,0.0%,0.0%,0.0%,100.0%,0.0%,0.0%,0.0%,0.0%,100.0%,100.0%,0.0%,100.0%,
2221,Rawhide Energy Station,6761,Platte River Power Authority,15143,Platte River Power Authority,15143,Electric Utility,08,069,Larimer,40.860905,-105.021207,Yes,6,6,SUB,COAL,Yes,0.2659,800.4,0.8902,,,,,,,"19,153,213","1,864,210","1,916,168","2,055.743",200.088,"2,055.743","10,274.171","1,672,733",922,"190,555",0,0,0,0,0,0,0,0,"1,864,210",0,0,"1,864,210",0,89.7%,0.0%,10.2%,0.0%,0.0%,0.0%,0.0%,0.0%,0.0%,0.0%,0.0%,100.0%,0.0%,0.0%,100.0%,0.0%,
2222,Rawhide Prairie Solar Hybrid,63722,Platte River Power Authority,15143,Greenbacker Renewable Energy Corporation,60025,IPP Non-CHP,08,069,Larimer,40.857978,-105.015561,,2,2,SUN,SOLAR,,0.1784,23.0,,,,,,,,"318,411","35,943",,,,0.000,,0,0,0,0,0,0,0,"36,007",0,0,(64),(64),"36,007","36,007",(64),"36,007",0.0%,0.0%,0.0%,0.0%,0.0%,0.0%,0.0%,100.0%,0.0%,0.0%,0.0%,0.0%,100.0%,100.0%,0.0%,100.0%,
2230,Rocky Mountain Energy Center,55835,Public Service Co of Colorado,15466,Public Service Co of Colorado,15466,Electric Utility,08,123,Weld,40.0908,-104.5953,Yes,2,3,NG,GAS,,0.3309,685.1,0.7819,,,,,,,"17,195,127","1,985,744","1,022,825","1,030.168",118.967,"1,030.168","8,659.287",0,0,"1,985,744",0,0,0,0,0,0,0,0,"1,985,744",0,0,"1,985,744",0,0.0%,0.0%,100.0%,0.0%,0.0%,0.0%,0.0%,0.0%,0.0%,0.0%,0.0%,100.0%,0.0%,0.0%,100.0%,0.0%,
2233,RV CSU Power II LLC,57507,Public Service Co of Colorado,15466,RV CSU Power II LLC,56828,Commercial Non-CHP,08,069,Larimer,40.592841,-105.147097,,1,1,SUN,SOLAR,,0.1458,3.0,,,,,,,,"33,886","3,832",,,,,,0,0,0,0,0,0,0,"3,832",0,0,0,0,"3,832","3,832",0,"3,832",0.0%,0.0%,0.0%,0.0%,0.0%,0.0%,0.0%,100.0%,0.0%,0.0%,0.0%,0.0%,100.0%,100.0%,0.0%,100.0%,
2234,RV CSU Power LLC,57141,Public Service Co of Colorado,15466,RV CSU Power LLC,56493,Commercial Non-CHP,08,069,Larimer,40.591099,-105.145904,,1,1,SUN,SOLAR,,0.1810,1.9,,,,,,,,"26,643","3,013",,,,,,0,0,0,0,0,0,0,"3,013",0,0,0,0,"3,013","3,013",0,"3,013",0.0%,0.0%,0.0%,0.0%,0.0%,0.0%,0.0%,100.0%,0.0%,0.0%,0.0%,0.0%,100.0%,100.0%,0.0%,100.0%,
2247,Spindle Hill Energy Center,56445,Public Service Co of Colorado,15466,Invenergy Services LLC,49893,IPP Non-CHP,08,123,Weld,40.092192,-104.887844,Yes,2,2,NG,GAS,,0.0647,420.0,1.0000,,,,,,,"2,730,979","237,968","163,783","1,376.514",119.945,"1,376.514","11,476.244",0,0,"237,968",0,0,0,0,0,0,0,0,"237,968",0,0,"237,968",0,0.0%,0.0%,100.0%,0.0%,0.0%,0.0%,0.0%,0.0%,0.0%,0.0%,0.0%,100.0%,0.0%,0.0%,100.0%,0.0%,
2251,SR Jenkins Ft Lupton,60023,"United Power, Inc",19499,"SR Jenkins, LLC",59766,IPP Non-CHP,08,123,Weld,40.081444,-104.746661,,1,1,SUN,SOLAR,,0.2844,13.0,,,,,,,,"286,407","32,388",,,,,,0,0,0,0,0,0,0,"32,388",0,0,0,0,"32,388","32,388",0,"32,388",0.0%,0.0%,0.0%,0.0%,0.0%,0.0%,0.0%,100.0%,0.0%,0.0%,0.0%,0.0%,100.0%,100.0%,0.0%,100.0%,
2255,SR Platte Solar Farm,61462,"United Power, Inc",19499,SR Platte,61081,IPP Non-CHP,08,123,Weld,40.181742,-104.692067,,1,1,SUN,SOLAR,,0.2618,16.0,,,,,,,,"324,539","36,700",,,,,,0,0,0,0,0,0,0,"36,700",0,0,0,0,"36,700","36,700",0,"36,700",0.0%,0.0%,0.0%,0.0%,0.0%,0.0%,0.0%,100.0%,0.0%,0.0%,0.0%,0.0%,100.0%,100.0%,0.0%,100.0%,
2260,Strontia Springs Hydro Plant,10081,Public Service Co of Colorado,15466,Denver City & County of,5068,IPP Non-CHP,08,035,Douglas,39.4326,-105.1263,,1,1,WAT,HYDRO,,0.8701,1.0,,,,,,,,"67,402","7,622",,,,,,0,0,0,0,"7,622",0,0,0,0,0,0,0,"7,622",0,0,"7,622",0.0%,0.0%,0.0%,0.0%,100.0%,0.0%,0.0%,0.0%,0.0%,0.0%,0.0%,0.0%,100.0%,0.0%,0.0%,100.0%,
2273,TruStile Doors - Denver,64388,Public Service Co of Colorado,15466,SkyHigh 2 Solar,63432,Commercial Non-CHP,08,001,Adams,39.825708,-104.97312,,1,1,SUN,SOLAR,,0.0570,1.2,,,,,,,,"5,297",599,,,,,,0,0,0,0,0,0,0,599,0,0,0,0,599,599,0,599,0.0%,0.0%,0.0%,0.0%,0.0%,0.0%,0.0%,100.0%,0.0%,0.0%,0.0%,0.0%,100.0%,100.0%,0.0%,100.0%,
2276,University of Colorado,54372,Public Service Co of Colorado,15466,University of Colorado,22208,Commercial CHP,08,013,Boulder,40.00759,-105.269204,,3,3,NG,GAS,,0.0088,33.0,1.0000,,Yes,"235,655",0,0.0468,,"14,503","2,544",849,666.944,117.010,666.944,"5,699.891",0,0,"2,544",0,0,0,0,0,0,0,0,"2,544",0,0,"2,544",0,0.0%,0.0%,100.0%,0.0%,0.0%,0.0%,0.0%,0.0%,0.0%,0.0%,0.0%,100.0%,0.0%,0.0%,100.0%,0.0%,
2280,Valmont,477,Public Service Co of Colorado,15466,Public Service Co of Colorado,15466,Electric Utility,08,013,Boulder,40.0195,-105.202,,1,1,NG,GAS,,0.0111,59.3,1.0000,,,,,,,"85,317","5,788","4,991","1,724.764",117.010,"1,724.764","14,740.325",0,0,"5,788",0,0,0,0,0,0,0,0,"5,788",0,0,"5,788",0,0.0%,0.0%,100.0%,0.0%,0.0%,0.0%,0.0%,0.0%,0.0%,0.0%,0.0%,100.0%,0.0%,0.0%,100.0%,0.0%,
2281,Valmont Combustion Turbine Facility,55207,Public Service Co of Colorado,15466,Public Service Co of Colorado,15466,Electric Utility,08,013,Boulder,40.0205,-105.2009,Yes,2,2,NG,GAS,,0.0114,142.2,1.0000,,Yes,0,,1.0000,,"177,398","14,251","10,555","1,481.324",119.000,"1,481.324","12,448.144",0,0,"14,251",0,0,0,0,0,0,0,0,"14,251",0,0,"14,251",0,0.0%,0.0%,100.0%,0.0%,0.0%,0.0%,0.0%,0.0%,0.0%,0.0%,0.0%,100.0%,0.0%,0.0%,100.0%,0.0%,
2282,Vasquez V CSG,65520,Public Service Co of Colorado,15466,Vasquez V,64786,IPP Non-CHP,08,123,Weld,40.231806,-104.79894,,1,1,SUN,SOLAR,,0.0122,4.0,,,,,,,,"3,785",428,,,,,,0,0,0,0,0,0,0,428,0,0,0,0,428,428,0,428,0.0%,0.0%,0.0%,0.0%,0.0%,0.0%,0.0%,100.0%,0.0%,0.0%,0.0%,0.0%,100.0%,100.0%,0.0%,100.0%,
2283,Venture 1 - 1A CSG,64880,Public Service Co of Colorado,15466,UXI CSG Venture 1 8301 LLC,64382,IPP Non-CHP,08,001,Adams,39.752297,-104.667388,,1,1,SUN,SOLAR,,0.1652,1.5,,,,,,,,"19,199","2,171",,,,,,0,0,0,0,0,0,0,"2,171",0,0,0,0,"2,171","2,171",0,"2,171",0.0%,0.0%,0.0%,0.0%,0.0%,0.0%,0.0%,100.0%,0.0%,0.0%,0.0%,0.0%,100.0%,100.0%,0.0%,100.0%,
2284,Venture 2 - 1B,65235,Public Service Co of Colorado,15466,UXI CSG Venture 2 8302 LLC,64550,IPP Non-CHP,08,001,Adams,39.752244,-104.66509,,1,1,SUN,SOLAR,,0.0542,1.5,,,,,,,,"6,297",712,,,,,,0,0,0,0,0,0,0,712,0,0,0,0,712,712,0,712,0.0%,0.0%,0.0%,0.0%,0.0%,0.0%,0.0%,100.0%,0.0%,0.0%,0.0%,0.0%,100.0%,100.0%,0.0%,100.0%,
2285,Venture 3 - 1C,65236,Public Service Co of Colorado,15466,UXI CSG Venture 3 8303 LLC,64551,IPP Non-CHP,08,001,Adams,39.750499,-104.66733,,1,1,SUN,SOLAR,,0.0349,1.5,,,,,,,,"4,059",459,,,,,,0,0,0,0,0,0,0,459,0,0,0,0,459,459,0,459,0.0%,0.0%,0.0%,0.0%,0.0%,0.0%,0.0%,100.0%,0.0%,0.0%,0.0%,0.0%,100.0%,100.0%,0.0%,100.0%,
2286,Venture 4 - 1D,65237,Public Service Co of Colorado,15466,UXI CSG Venture 4 8304 LLC,64552,IPP Non-CHP,08,001,Adams,39.752334,-104.66733,,1,1,SUN,SOLAR,,0.0521,1.5,,,,,,,,"6,057",685,,,,,,0,0,0,0,0,0,0,685,0,0,0,0,685,685,0,685,0.0%,0.0%,0.0%,0.0%,0.0%,0.0%,0.0%,100.0%,0.0%,0.0%,0.0%,0.0%,100.0%,100.0%,0.0%,100.0%,
2288,Victory Solar LLC,60764,Intermountain Rural Elec Assn,9336,Victory Solar LLC,60452,IPP Non-CHP,08,001,Adams,39.795,-104.433,,1,1,SUN,SOLAR,,0.2589,12.8,,,,,,,,"256,686","29,027",,,,,,0,0,0,0,0,0,0,"29,027",0,0,0,0,"29,027","29,027",0,"29,027",0.0%,0.0%,0.0%,0.0%,0.0%,0.0%,0.0%,100.0%,0.0%,0.0%,0.0%,0.0%,100.0%,100.0%,0.0%,100.0%,
2290,Weld 1 Community Solar Array,60720,Public Service Co of Colorado,15466,Goldman Sachs Renewable Power LLC,61944,IPP Non-CHP,08,123,Weld,40.232146,-104.791865,,1,1,SUN,SOLAR,,0.2577,1.5,,,,,,,,"29,941","3,386",,,,,,0,0,0,0,0,0,0,"3,386",0,0,0,0,"3,386","3,386",0,"3,386",0.0%,0.0%,0.0%,0.0%,0.0%,0.0%,0.0%,100.0%,0.0%,0.0%,0.0%,0.0%,100.0%,100.0%,0.0%,100.0%,
2296,Xcel Adams 1 Community Solar Array,60726,Public Service Co of Colorado,15466,Goldman Sachs Renewable Power LLC,61944,IPP Non-CHP,08,001,Adams,39.765479,-104.588631,,1,1,SUN,SOLAR,,0.2288,1.8,,,,,,,,"31,903","3,608",,,,,,0,0,0,0,0,0,0,"3,608",0,0,0,0,"3,608","3,608",0,"3,608",0.0%,0.0%,0.0%,0.0%,0.0%,0.0%,0.0%,100.0%,0.0%,0.0%,0.0%,0.0%,100.0%,100.0%,0.0%,100.0%,
2297,Xcel Adams 2 Community Solar Array,60725,Public Service Co of Colorado,15466,Goldman Sachs Renewable Power LLC,61944,IPP Non-CHP,08,001,Adams,39.784937,-104.583391,,1,1,SUN,SOLAR,,0.2808,1.5,,,,,,,,"32,624","3,689",,,,,,0,0,0,0,0,0,0,"3,689",0,0,0,0,"3,689","3,689",0,"3,689",0.0%,0.0%,0.0%,0.0%,0.0%,0.0%,0.0%,100.0%,0.0%,0.0%,0.0%,0.0%,100.0%,100.0%,0.0%,100.0%,
